Dataset:name:Lunularia cruciata	/uod/idr/filesets/idr0137-peters-bryophytes/20220405-Globus/Lunularia cruciata/IMG_5927-6026 Lunularia cruciata thallus with air pore anterior view (40x).ome.tiff
Dataset:name:Lunularia cruciata	/uod/idr/filesets/idr0137-peters-bryophytes/20220405-Globus/Lunularia cruciata/IMG_3792-3891 Lunularia cruciata ventral scales anterior view (40x).ome.tiff
Dataset:name:Lunularia cruciata	/uod/idr/filesets/idr0137-peters-bryophytes/20220405-Globus/Lunularia cruciata/IMG_3892-3991 Lunularia cruciata ventral scales anterior view (40x DIC).ome.tiff
Dataset:name:Lunularia cruciata	/uod/idr/filesets/idr0137-peters-bryophytes/20220405-Globus/Lunularia cruciata/IMG_6028-6127 Lunularia cruciata thallus with air pore anterior view (40x DIC).ome.tiff
Dataset:name:Lunularia cruciata	/uod/idr/filesets/idr0137-peters-bryophytes/20220405-Globus/Lunularia cruciata/IMG_4102-4201 Lunularia cruciata gemmae cup margin (20x).ome.tiff
Dataset:name:Lunularia cruciata	/uod/idr/filesets/idr0137-peters-bryophytes/20220405-Globus/Lunularia cruciata/IMG_4552-4651 Lunularia cruciata thallus with air pore cross section (40x DIC).ome.tiff
Dataset:name:Lunularia cruciata	/uod/idr/filesets/idr0137-peters-bryophytes/20220405-Globus/Lunularia cruciata/IMG_5227-5326 Lunularia cruciata thallus with air pore cross section (40x DIC).ome.tiff
Dataset:name:Lunularia cruciata	/uod/idr/filesets/idr0137-peters-bryophytes/20220405-Globus/Lunularia cruciata/IMG_5627-5726 Lunularia cruciata thallus with air pore cross section (40x DIC).ome.tiff
Dataset:name:Lunularia cruciata	/uod/idr/filesets/idr0137-peters-bryophytes/20220405-Globus/Lunularia cruciata/IMG_5427-5526 Lunularia cruciata thallus with air pore cross section (40x DIC).ome.tiff
Dataset:name:Lunularia cruciata	/uod/idr/filesets/idr0137-peters-bryophytes/20220405-Globus/Lunularia cruciata/IMG_4752-4851 Lunularia cruciata thallus with air pore cross section (40x DIC).ome.tiff
Dataset:name:Lunularia cruciata	/uod/idr/filesets/idr0137-peters-bryophytes/20220405-Globus/Lunularia cruciata/IMG_5127-5226 Lunularia cruciata thallus with air pore cross section (40x).ome.tiff
Dataset:name:Lunularia cruciata	/uod/idr/filesets/idr0137-peters-bryophytes/20220405-Globus/Lunularia cruciata/IMG_4452-4551 Lunularia cruciata thallus with air pore cross section (40x).ome.tiff
Dataset:name:Lunularia cruciata	/uod/idr/filesets/idr0137-peters-bryophytes/20220405-Globus/Lunularia cruciata/IMG_5527-5626 Lunularia cruciata thallus with air pore cross section (40x).ome.tiff
Dataset:name:Lunularia cruciata	/uod/idr/filesets/idr0137-peters-bryophytes/20220405-Globus/Lunularia cruciata/IMG_5327-5426 Lunularia cruciata thallus with air pore cross section (40x).ome.tiff
Dataset:name:Lunularia cruciata	/uod/idr/filesets/idr0137-peters-bryophytes/20220405-Globus/Lunularia cruciata/IMG_4652-4751 Lunularia cruciata thallus with air pore cross section (40x).ome.tiff
Dataset:name:Lunularia cruciata	/uod/idr/filesets/idr0137-peters-bryophytes/20220405-Globus/Lunularia cruciata/IMG_3527-3626 Lunularia cruciata gemmae margin (40x).ome.tiff
Dataset:name:Lunularia cruciata	/uod/idr/filesets/idr0137-peters-bryophytes/20220405-Globus/Lunularia cruciata/IMG_5727-5826 Lunularia cruciata thallus with air pore anterior view (40x).ome.tiff
Dataset:name:Lunularia cruciata	/uod/idr/filesets/idr0137-peters-bryophytes/20220405-Globus/Lunularia cruciata/IMG_3327-3426 Lunularia cruciata gemmae margin (40x).ome.tiff
Dataset:name:Lunularia cruciata	/uod/idr/filesets/idr0137-peters-bryophytes/20220405-Globus/Lunularia cruciata/IMG_5827-5926 Lunularia cruciata thallus with air pore anterior view (40x DIC).ome.tiff
Dataset:name:Lunularia cruciata	/uod/idr/filesets/idr0137-peters-bryophytes/20220405-Globus/Lunularia cruciata/IMG_3427-3526 Lunularia cruciata gemmae margin (40x DIC).ome.tiff
Dataset:name:Lunularia cruciata	/uod/idr/filesets/idr0137-peters-bryophytes/20220405-Globus/Lunularia cruciata/IMG_3026-3100 Lunularia cruciata gemmae (20x).ome.tiff
Dataset:name:Lunularia cruciata	/uod/idr/filesets/idr0137-peters-bryophytes/20220405-Globus/Lunularia cruciata/IMG_3101-3175 Lunularia cruciata gemmae (20x).ome.tiff
Dataset:name:Lunularia cruciata	/uod/idr/filesets/idr0137-peters-bryophytes/20220405-Globus/Lunularia cruciata/IMG_3252-3326 Lunularia cruciata gemmae (20x).ome.tiff
Dataset:name:Lunularia cruciata	/uod/idr/filesets/idr0137-peters-bryophytes/20220405-Globus/Lunularia cruciata/IMG_3176-3250 Lunularia cruciata gemmae (20x).ome.tiff
Dataset:name:Lunularia cruciata	/uod/idr/filesets/idr0137-peters-bryophytes/20220405-Globus/Lunularia cruciata/IMG_1106-1165 Lunularia cruciata gemmae cup (Laowa 5.0x).ome.tiff
Dataset:name:Lunularia cruciata	/uod/idr/filesets/idr0137-peters-bryophytes/20220405-Globus/Lunularia cruciata/IMG_1166-1225 Lunularia cruciata female plant thallus apex with female receptacle (Laowa 5.0x).ome.tiff
Dataset:name:Lunularia cruciata	/uod/idr/filesets/idr0137-peters-bryophytes/20220405-Globus/Lunularia cruciata/IMG_3682-3736 Lunularia cruciata ventral scales (5x).ome.tiff
Dataset:name:Lunularia cruciata	/uod/idr/filesets/idr0137-peters-bryophytes/20220405-Globus/Lunularia cruciata/IMG_0706-0755 Lunularia cruciata stature (Laowa 2.5x).ome.tiff
Dataset:name:Lunularia cruciata	/uod/idr/filesets/idr0137-peters-bryophytes/20220405-Globus/Lunularia cruciata/IMG_3627-3681 Lunularia cruciata ventral scales (5x).ome.tiff
Dataset:name:Lunularia cruciata	/uod/idr/filesets/idr0137-peters-bryophytes/20220405-Globus/Lunularia cruciata/IMG_0756-0805 Lunularia cruciata stature (Laowa 2.5x).ome.tiff
Dataset:name:Lunularia cruciata	/uod/idr/filesets/idr0137-peters-bryophytes/20220405-Globus/Lunularia cruciata/IMG_0856-0905 Lunularia cruciata stature (Laowa 2.5x).ome.tiff
Dataset:name:Lunularia cruciata	/uod/idr/filesets/idr0137-peters-bryophytes/20220405-Globus/Lunularia cruciata/IMG_0456-0505 Lunularia cruciata stature (Laowa 2.5x).ome.tiff
Dataset:name:Lunularia cruciata	/uod/idr/filesets/idr0137-peters-bryophytes/20220405-Globus/Lunularia cruciata/IMG_5017-5071 Lunularia cruciata thallus cross section (5x).ome.tiff
Dataset:name:Lunularia cruciata	/uod/idr/filesets/idr0137-peters-bryophytes/20220405-Globus/Lunularia cruciata/IMG_0806-0855 Lunularia cruciata stature (Laowa 2.5x).ome.tiff
Dataset:name:Lunularia cruciata	/uod/idr/filesets/idr0137-peters-bryophytes/20220405-Globus/Lunularia cruciata/IMG_1006-1055 Lunularia cruciata stature (Laowa 2.5x).ome.tiff
Dataset:name:Lunularia cruciata	/uod/idr/filesets/idr0137-peters-bryophytes/20220405-Globus/Lunularia cruciata/IMG_4852-4906 Lunularia cruciata thallus cross section (5x).ome.tiff
Dataset:name:Lunularia cruciata	/uod/idr/filesets/idr0137-peters-bryophytes/20220405-Globus/Lunularia cruciata/IMG_4907-4961 Lunularia cruciata thallus cross section (5x).ome.tiff
Dataset:name:Lunularia cruciata	/uod/idr/filesets/idr0137-peters-bryophytes/20220405-Globus/Lunularia cruciata/IMG_3992-4046 Lunularia cruciata gemmae cup margin (5x).ome.tiff
Dataset:name:Lunularia cruciata	/uod/idr/filesets/idr0137-peters-bryophytes/20220405-Globus/Lunularia cruciata/IMG_0606-0655 Lunularia cruciata stature (Laowa 2.5x).ome.tiff
Dataset:name:Lunularia cruciata	/uod/idr/filesets/idr0137-peters-bryophytes/20220405-Globus/Lunularia cruciata/IMG_0506-0555 Lunularia cruciata stature (Laowa 2.5x).ome.tiff
Dataset:name:Lunularia cruciata	/uod/idr/filesets/idr0137-peters-bryophytes/20220405-Globus/Lunularia cruciata/IMG_5072-5126 Lunularia cruciata thallus cross section (5x).ome.tiff
Dataset:name:Lunularia cruciata	/uod/idr/filesets/idr0137-peters-bryophytes/20220405-Globus/Lunularia cruciata/IMG_0656-0705 Lunularia cruciata stature (Laowa 2.5x).ome.tiff
Dataset:name:Lunularia cruciata	/uod/idr/filesets/idr0137-peters-bryophytes/20220405-Globus/Lunularia cruciata/IMG_0956-1005 Lunularia cruciata stature (Laowa 2.5x).ome.tiff
Dataset:name:Lunularia cruciata	/uod/idr/filesets/idr0137-peters-bryophytes/20220405-Globus/Lunularia cruciata/IMG_0556-0605 Lunularia cruciata stature (Laowa 2.5x).ome.tiff
Dataset:name:Lunularia cruciata	/uod/idr/filesets/idr0137-peters-bryophytes/20220405-Globus/Lunularia cruciata/IMG_4047-4101 Lunularia cruciata gemmae cup margin (5x).ome.tiff
Dataset:name:Lunularia cruciata	/uod/idr/filesets/idr0137-peters-bryophytes/20220405-Globus/Lunularia cruciata/IMG_0906-0955 Lunularia cruciata stature (Laowa 2.5x).ome.tiff
Dataset:name:Lunularia cruciata	/uod/idr/filesets/idr0137-peters-bryophytes/20220405-Globus/Lunularia cruciata/IMG_3737-3791 Lunularia cruciata ventral scales (5x).ome.tiff
Dataset:name:Lunularia cruciata	/uod/idr/filesets/idr0137-peters-bryophytes/20220405-Globus/Lunularia cruciata/IMG_1056-1105 Lunularia cruciata gemmae cup (Laowa 5.0x).ome.tiff
Dataset:name:Lunularia cruciata	/uod/idr/filesets/idr0137-peters-bryophytes/20220405-Globus/Lunularia cruciata/IMG_4962-5016 Lunularia cruciata thallus cross section (5x).ome.tiff
Dataset:name:Lunularia cruciata	/uod/idr/filesets/idr0137-peters-bryophytes/20220405-Globus/Lunularia cruciata/IMG_2801-2845 Lunularia cruciata female plant stature dorsal side (Laowa 3.5x).ome.tiff
Dataset:name:Lunularia cruciata	/uod/idr/filesets/idr0137-peters-bryophytes/20220405-Globus/Lunularia cruciata/IMG_4252-4301 Lunularia cruciata thallus cross section (5x).ome.tiff
Dataset:name:Lunularia cruciata	/uod/idr/filesets/idr0137-peters-bryophytes/20220405-Globus/Lunularia cruciata/IMG_4352-4401 Lunularia cruciata thallus cross section (5x).ome.tiff
Dataset:name:Lunularia cruciata	/uod/idr/filesets/idr0137-peters-bryophytes/20220405-Globus/Lunularia cruciata/IMG_4302-4351 Lunularia cruciata thallus cross section (5x).ome.tiff
Dataset:name:Lunularia cruciata	/uod/idr/filesets/idr0137-peters-bryophytes/20220405-Globus/Lunularia cruciata/IMG_2441-2485 Lunularia cruciata female plant stature dorsal side (Laowa 3.5x).ome.tiff
Dataset:name:Lunularia cruciata	/uod/idr/filesets/idr0137-peters-bryophytes/20220405-Globus/Lunularia cruciata/IMG_4202-4251 Lunularia cruciata thallus cross section (5x).ome.tiff
Dataset:name:Lunularia cruciata	/uod/idr/filesets/idr0137-peters-bryophytes/20220405-Globus/Lunularia cruciata/IMG_2216-2260 Lunularia cruciata female plant stature dorsal side (Laowa 3.5x).ome.tiff
Dataset:name:Lunularia cruciata	/uod/idr/filesets/idr0137-peters-bryophytes/20220405-Globus/Lunularia cruciata/IMG_2846-2890 Lunularia cruciata female plant stature dorsal side (Laowa 3.5x).ome.tiff
Dataset:name:Lunularia cruciata	/uod/idr/filesets/idr0137-peters-bryophytes/20220405-Globus/Lunularia cruciata/IMG_1406-1450 Lunularia cruciata female plant stature ventral side (Laowa 3.5x).ome.tiff
Dataset:name:Lunularia cruciata	/uod/idr/filesets/idr0137-peters-bryophytes/20220405-Globus/Lunularia cruciata/IMG_2936-2980 Lunularia cruciata female plant stature dorsal side (Laowa 3.5x).ome.tiff
Dataset:name:Lunularia cruciata	/uod/idr/filesets/idr0137-peters-bryophytes/20220405-Globus/Lunularia cruciata/IMG_1631-1675 Lunularia cruciata female plant stature ventral side (Laowa 3.5x).ome.tiff
Dataset:name:Lunularia cruciata	/uod/idr/filesets/idr0137-peters-bryophytes/20220405-Globus/Lunularia cruciata/IMG_4402-4451 Lunularia cruciata thallus cross section (5x).ome.tiff
Dataset:name:Lunularia cruciata	/uod/idr/filesets/idr0137-peters-bryophytes/20220405-Globus/Lunularia cruciata/IMG_1586-1630 Lunularia cruciata female plant stature ventral side (Laowa 3.5x).ome.tiff
Dataset:name:Lunularia cruciata	/uod/idr/filesets/idr0137-peters-bryophytes/20220405-Globus/Lunularia cruciata/IMG_2396-2440 Lunularia cruciata female plant stature dorsal side (Laowa 3.5x).ome.tiff
Dataset:name:Lunularia cruciata	/uod/idr/filesets/idr0137-peters-bryophytes/20220405-Globus/Lunularia cruciata/IMG_1451-1495 Lunularia cruciata female plant stature ventral side (Laowa 3.5x).ome.tiff
Dataset:name:Lunularia cruciata	/uod/idr/filesets/idr0137-peters-bryophytes/20220405-Globus/Lunularia cruciata/IMG_2036-2080 Lunularia cruciata female plant stature ventral side (Laowa 3.5x).ome.tiff
Dataset:name:Lunularia cruciata	/uod/idr/filesets/idr0137-peters-bryophytes/20220405-Globus/Lunularia cruciata/IMG_2891-2935 Lunularia cruciata female plant stature dorsal side (Laowa 3.5x).ome.tiff
Dataset:name:Lunularia cruciata	/uod/idr/filesets/idr0137-peters-bryophytes/20220405-Globus/Lunularia cruciata/IMG_1946-1990 Lunularia cruciata female plant stature ventral side (Laowa 3.5x).ome.tiff
Dataset:name:Lunularia cruciata	/uod/idr/filesets/idr0137-peters-bryophytes/20220405-Globus/Lunularia cruciata/IMG_1721-1765 Lunularia cruciata female plant stature ventral side (Laowa 3.5x).ome.tiff
Dataset:name:Lunularia cruciata	/uod/idr/filesets/idr0137-peters-bryophytes/20220405-Globus/Lunularia cruciata/IMG_2621-2665 Lunularia cruciata female plant stature dorsal side (Laowa 3.5x).ome.tiff
Dataset:name:Lunularia cruciata	/uod/idr/filesets/idr0137-peters-bryophytes/20220405-Globus/Lunularia cruciata/IMG_1541-1585 Lunularia cruciata female plant stature ventral side (Laowa 3.5x).ome.tiff
Dataset:name:Lunularia cruciata	/uod/idr/filesets/idr0137-peters-bryophytes/20220405-Globus/Lunularia cruciata/IMG_2261-2305 Lunularia cruciata female plant stature dorsal side (Laowa 3.5x).ome.tiff
Dataset:name:Lunularia cruciata	/uod/idr/filesets/idr0137-peters-bryophytes/20220405-Globus/Lunularia cruciata/IMG_1496-1540 Lunularia cruciata female plant stature ventral side (Laowa 3.5x).ome.tiff
Dataset:name:Lunularia cruciata	/uod/idr/filesets/idr0137-peters-bryophytes/20220405-Globus/Lunularia cruciata/IMG_2171-2215 Lunularia cruciata female plant stature dorsal side (Laowa 3.5x).ome.tiff
Dataset:name:Lunularia cruciata	/uod/idr/filesets/idr0137-peters-bryophytes/20220405-Globus/Lunularia cruciata/IMG_2486-2530 Lunularia cruciata female plant stature dorsal side (Laowa 3.5x).ome.tiff
Dataset:name:Lunularia cruciata	/uod/idr/filesets/idr0137-peters-bryophytes/20220405-Globus/Lunularia cruciata/IMG_1901-1945 Lunularia cruciata female plant stature ventral side (Laowa 3.5x).ome.tiff
Dataset:name:Lunularia cruciata	/uod/idr/filesets/idr0137-peters-bryophytes/20220405-Globus/Lunularia cruciata/IMG_2756-2800 Lunularia cruciata female plant stature dorsal side (Laowa 3.5x).ome.tiff
Dataset:name:Lunularia cruciata	/uod/idr/filesets/idr0137-peters-bryophytes/20220405-Globus/Lunularia cruciata/IMG_2576-2620 Lunularia cruciata female plant stature dorsal side (Laowa 3.5x).ome.tiff
Dataset:name:Lunularia cruciata	/uod/idr/filesets/idr0137-peters-bryophytes/20220405-Globus/Lunularia cruciata/IMG_0134-0173 Lunularia cruciata stature.ome.tiff
Dataset:name:Lunularia cruciata	/uod/idr/filesets/idr0137-peters-bryophytes/20220405-Globus/Lunularia cruciata/IMG_1766-1810 Lunularia cruciata female plant stature ventral side (Laowa 3.5x).ome.tiff
Dataset:name:Lunularia cruciata	/uod/idr/filesets/idr0137-peters-bryophytes/20220405-Globus/Lunularia cruciata/IMG_1271-1315 Lunularia cruciata female plant stature ventral side (Laowa 3.5x).ome.tiff
Dataset:name:Lunularia cruciata	/uod/idr/filesets/idr0137-peters-bryophytes/20220405-Globus/Lunularia cruciata/IMG_2981-3025 Lunularia cruciata female plant stature dorsal side (Laowa 3.5x).ome.tiff
Dataset:name:Lunularia cruciata	/uod/idr/filesets/idr0137-peters-bryophytes/20220405-Globus/Lunularia cruciata/IMG_2081-2125 Lunularia cruciata female plant stature ventral side (Laowa 3.5x).ome.tiff
Dataset:name:Lunularia cruciata	/uod/idr/filesets/idr0137-peters-bryophytes/20220405-Globus/Lunularia cruciata/IMG_1991-2035 Lunularia cruciata female plant stature ventral side (Laowa 3.5x).ome.tiff
Dataset:name:Lunularia cruciata	/uod/idr/filesets/idr0137-peters-bryophytes/20220405-Globus/Lunularia cruciata/IMG_1856-1900 Lunularia cruciata female plant stature ventral side (Laowa 3.5x).ome.tiff
Dataset:name:Lunularia cruciata	/uod/idr/filesets/idr0137-peters-bryophytes/20220405-Globus/Lunularia cruciata/IMG_1226-1270 Lunularia cruciata female plant stature ventral side (Laowa 3.5x).ome.tiff
Dataset:name:Lunularia cruciata	/uod/idr/filesets/idr0137-peters-bryophytes/20220405-Globus/Lunularia cruciata/IMG_2666-2710 Lunularia cruciata female plant stature dorsal side (Laowa 3.5x).ome.tiff
Dataset:name:Lunularia cruciata	/uod/idr/filesets/idr0137-peters-bryophytes/20220405-Globus/Lunularia cruciata/IMG_1676-1720 Lunularia cruciata female plant stature ventral side (Laowa 3.5x).ome.tiff
Dataset:name:Lunularia cruciata	/uod/idr/filesets/idr0137-peters-bryophytes/20220405-Globus/Lunularia cruciata/IMG_1361-1405 Lunularia cruciata female plant stature ventral side (Laowa 3.5x).ome.tiff
Dataset:name:Lunularia cruciata	/uod/idr/filesets/idr0137-peters-bryophytes/20220405-Globus/Lunularia cruciata/IMG_2306-2350 Lunularia cruciata female plant stature dorsal side (Laowa 3.5x).ome.tiff
Dataset:name:Lunularia cruciata	/uod/idr/filesets/idr0137-peters-bryophytes/20220405-Globus/Lunularia cruciata/IMG_2531-2575 Lunularia cruciata female plant stature dorsal side (Laowa 3.5x).ome.tiff
Dataset:name:Lunularia cruciata	/uod/idr/filesets/idr0137-peters-bryophytes/20220405-Globus/Lunularia cruciata/IMG_2126-2170 Lunularia cruciata female plant stature ventral side (Laowa 3.5x).ome.tiff
Dataset:name:Lunularia cruciata	/uod/idr/filesets/idr0137-peters-bryophytes/20220405-Globus/Lunularia cruciata/IMG_0094-0133 Lunularia cruciata stature.ome.tiff
Dataset:name:Lunularia cruciata	/uod/idr/filesets/idr0137-peters-bryophytes/20220405-Globus/Lunularia cruciata/IMG_1811-1855 Lunularia cruciata female plant stature ventral side (Laowa 3.5x).ome.tiff
Dataset:name:Lunularia cruciata	/uod/idr/filesets/idr0137-peters-bryophytes/20220405-Globus/Lunularia cruciata/IMG_1316-1360 Lunularia cruciata female plant stature ventral side (Laowa 3.5x).ome.tiff
Dataset:name:Lunularia cruciata	/uod/idr/filesets/idr0137-peters-bryophytes/20220405-Globus/Lunularia cruciata/IMG_2711-2755 Lunularia cruciata female plant stature dorsal side (Laowa 3.5x).ome.tiff
Dataset:name:Lunularia cruciata	/uod/idr/filesets/idr0137-peters-bryophytes/20220405-Globus/Lunularia cruciata/IMG_2351-2395 Lunularia cruciata female plant stature dorsal side (Laowa 3.5x).ome.tiff
Dataset:name:Lunularia cruciata	/uod/idr/filesets/idr0137-peters-bryophytes/20220405-Globus/Lunularia cruciata/IMG_0179-0218 Lunularia cruciata stature.ome.tiff
Dataset:name:Lunularia cruciata	/uod/idr/filesets/idr0137-peters-bryophytes/20220405-Globus/Lunularia cruciata/IMG_0219-0258 Lunularia cruciata stature.ome.tiff
Dataset:name:Lunularia cruciata	/uod/idr/filesets/idr0137-peters-bryophytes/20220405-Globus/Lunularia cruciata/IMG_0379-0418 Lunularia cruciata stature.ome.tiff
Dataset:name:Lunularia cruciata	/uod/idr/filesets/idr0137-peters-bryophytes/20220405-Globus/Lunularia cruciata/IMG_0339-0378 Lunularia cruciata stature.ome.tiff
Dataset:name:Lunularia cruciata	/uod/idr/filesets/idr0137-peters-bryophytes/20220405-Globus/Lunularia cruciata/IMG_0299-0338 Lunularia cruciata stature.ome.tiff
Dataset:name:Lunularia cruciata	/uod/idr/filesets/idr0137-peters-bryophytes/20220405-Globus/Lunularia cruciata/IMG_0436-0450 Lunularia cruciata stature.ome.tiff
Dataset:name:Lunularia cruciata	/uod/idr/filesets/idr0137-peters-bryophytes/20220405-Globus/Lunularia cruciata/IMG_0421-0433 Lunularia cruciata stature.ome.tiff
Dataset:name:Lunularia cruciata	/uod/idr/filesets/idr0137-peters-bryophytes/20220405-Globus/Lunularia cruciata/IMG_0054-0073 Lunularia cruciata stature.ome.tiff
Dataset:name:Lunularia cruciata	/uod/idr/filesets/idr0137-peters-bryophytes/20220405-Globus/Lunularia cruciata/IMG_0014-0023 Lunularia cruciata stature.ome.tiff
Dataset:name:Lunularia cruciata	/uod/idr/filesets/idr0137-peters-bryophytes/20220405-Globus/Lunularia cruciata/IMG_0435 Lunularia cruciata stature.ome.tiff
Dataset:name:Lunularia cruciata	/uod/idr/filesets/idr0137-peters-bryophytes/20220405-Globus/Lunularia cruciata/IMG_0420 Lunularia cruciata stature.ome.tiff
Dataset:name:Lunularia cruciata	/uod/idr/filesets/idr0137-peters-bryophytes/20220405-Globus/Lunularia cruciata/IMG_0176 Lunularia cruciata stature.ome.tiff
Dataset:name:Lunularia cruciata	/uod/idr/filesets/idr0137-peters-bryophytes/20220405-Globus/Lunularia cruciata/IMG_0012 Lunularia cruciata stature.ome.tiff
Dataset:name:Lunularia cruciata	/uod/idr/filesets/idr0137-peters-bryophytes/20220405-Globus/Lunularia cruciata/IMG_0178 Lunularia cruciata stature.ome.tiff
Dataset:name:Lunularia cruciata	/uod/idr/filesets/idr0137-peters-bryophytes/20220405-Globus/Lunularia cruciata/IMG_0260 Lunularia cruciata stature.ome.tiff
Dataset:name:Lunularia cruciata	/uod/idr/filesets/idr0137-peters-bryophytes/20220405-Globus/Lunularia cruciata/IMG_0008 Lunularia cruciata stature.ome.tiff
Dataset:name:Lunularia cruciata	/uod/idr/filesets/idr0137-peters-bryophytes/20220405-Globus/Lunularia cruciata/IMG_0007 Lunularia cruciata stature.ome.tiff
Dataset:name:Lunularia cruciata	/uod/idr/filesets/idr0137-peters-bryophytes/20220405-Globus/Lunularia cruciata/IMG_0006 Lunularia cruciata stature.ome.tiff
Dataset:name:Lunularia cruciata	/uod/idr/filesets/idr0137-peters-bryophytes/20220405-Globus/Lunularia cruciata/IMG_0005 Lunularia cruciata voucher specimen.ome.tiff
Dataset:name:Lunularia cruciata Processed	/uod/idr/filesets/idr0137-peters-bryophytes/20220405-Globus/Lunularia cruciata Processed/lunularia_cruciata_stature_ventral_side.ome.tiff
Dataset:name:Lunularia cruciata Processed	/uod/idr/filesets/idr0137-peters-bryophytes/20220405-Globus/Lunularia cruciata Processed/lunularia_cruciata_stature_dorsal_side.ome.tiff
Dataset:name:Lunularia cruciata Processed	/uod/idr/filesets/idr0137-peters-bryophytes/20220405-Globus/Lunularia cruciata Processed/lunularia_cruciata_stature.ome.tiff
Dataset:name:Lunularia cruciata Processed	/uod/idr/filesets/idr0137-peters-bryophytes/20220405-Globus/Lunularia cruciata Processed/lunularia_cruciata.ome.tiff
Dataset:name:Lunularia cruciata Processed	/uod/idr/filesets/idr0137-peters-bryophytes/20220405-Globus/Lunularia cruciata Processed/lunularia_cruciata_gemmae.ome.tiff
Dataset:name:Lunularia cruciata Processed	/uod/idr/filesets/idr0137-peters-bryophytes/20220405-Globus/Lunularia cruciata Processed/lunularia_cruciata_thallus_cross_section.ome.tiff
Dataset:name:Lunularia cruciata Processed	/uod/idr/filesets/idr0137-peters-bryophytes/20220405-Globus/Lunularia cruciata Processed/lunularia_cruciata_gemmae_cup.ome.tiff
Dataset:name:Lunularia cruciata Processed	/uod/idr/filesets/idr0137-peters-bryophytes/20220405-Globus/Lunularia cruciata Processed/lunularia_cruciata_ventral_scales.ome.tiff
Dataset:name:Lunularia cruciata Processed	/uod/idr/filesets/idr0137-peters-bryophytes/20220405-Globus/Lunularia cruciata Processed/lunularia_cruciata_air_pore_anterior_view.ome.tiff
Dataset:name:Lunularia cruciata Processed	/uod/idr/filesets/idr0137-peters-bryophytes/20220405-Globus/Lunularia cruciata Processed/lunularia_cruciata_ventral_scales_detail.ome.tiff
Dataset:name:Lunularia cruciata Processed	/uod/idr/filesets/idr0137-peters-bryophytes/20220405-Globus/Lunularia cruciata Processed/lunularia_cruciata_gemmae_cup_margin.ome.tiff
Dataset:name:Lunularia cruciata Processed	/uod/idr/filesets/idr0137-peters-bryophytes/20220405-Globus/Lunularia cruciata Processed/lunularia_cruciata_air_pore_cross_section.ome.tiff
Dataset:name:Lunularia cruciata Processed	/uod/idr/filesets/idr0137-peters-bryophytes/20220405-Globus/Lunularia cruciata Processed/lunularia_cruciata_gemmae_margin.ome.tiff
Dataset:name:Riccia glauca	/uod/idr/filesets/idr0137-peters-bryophytes/20220405-Globus/Riccia glauca/IMG_3155-3254 Riccia glauca epidermis cross section (40x DIC).ome.tiff
Dataset:name:Riccia glauca	/uod/idr/filesets/idr0137-peters-bryophytes/20220405-Globus/Riccia glauca/IMG_3055-3154 Riccia glauca epidermis cross section (40x).ome.tiff
Dataset:name:Riccia glauca	/uod/idr/filesets/idr0137-peters-bryophytes/20220405-Globus/Riccia glauca/IMG_2655-2754 Riccia glauca thallus with epidermis cross section (40x DIC).ome.tiff
Dataset:name:Riccia glauca	/uod/idr/filesets/idr0137-peters-bryophytes/20220405-Globus/Riccia glauca/IMG_2855-2954 Riccia glauca epidermis with archegonium cross section (40x).ome.tiff
Dataset:name:Riccia glauca	/uod/idr/filesets/idr0137-peters-bryophytes/20220405-Globus/Riccia glauca/IMG_2555-2654 Riccia glauca thallus with epidermis cross section (40x).ome.tiff
Dataset:name:Riccia glauca	/uod/idr/filesets/idr0137-peters-bryophytes/20220405-Globus/Riccia glauca/IMG_2755-2854 Riccia glauca epidermis with archegonium cross section (20x).ome.tiff
Dataset:name:Riccia glauca	/uod/idr/filesets/idr0137-peters-bryophytes/20220405-Globus/Riccia glauca/IMG_2955-3054 Riccia glauca epidermis with archegonium cross section (40x DIC).ome.tiff
Dataset:name:Riccia glauca	/uod/idr/filesets/idr0137-peters-bryophytes/20220405-Globus/Riccia glauca/IMG_1515-1614 Riccia glauca spores (40x).ome.tiff
Dataset:name:Riccia glauca	/uod/idr/filesets/idr0137-peters-bryophytes/20220405-Globus/Riccia glauca/IMG_1915-2014 Riccia glauca spores (40x).ome.tiff
Dataset:name:Riccia glauca	/uod/idr/filesets/idr0137-peters-bryophytes/20220405-Globus/Riccia glauca/IMG_1715-1814 Riccia glauca spores (40x).ome.tiff
Dataset:name:Riccia glauca	/uod/idr/filesets/idr0137-peters-bryophytes/20220405-Globus/Riccia glauca/IMG_1615-1714 Riccia glauca spores (40x).ome.tiff
Dataset:name:Riccia glauca	/uod/idr/filesets/idr0137-peters-bryophytes/20220405-Globus/Riccia glauca/IMG_1815-1914 Riccia glauca spores (40x).ome.tiff
Dataset:name:Riccia glauca	/uod/idr/filesets/idr0137-peters-bryophytes/20220405-Globus/Riccia glauca/IMG_2435-2494 Riccia glauca thallus cross section (10x).ome.tiff
Dataset:name:Riccia glauca	/uod/idr/filesets/idr0137-peters-bryophytes/20220405-Globus/Riccia glauca/IMG_2495-2554 Riccia glauca thallus cross section (10x).ome.tiff
Dataset:name:Riccia glauca	/uod/idr/filesets/idr0137-peters-bryophytes/20220405-Globus/Riccia glauca/IMG_2135-2194 Riccia glauca thallus cross section (10x).ome.tiff
Dataset:name:Riccia glauca	/uod/idr/filesets/idr0137-peters-bryophytes/20220405-Globus/Riccia glauca/IMG_2195-2254 Riccia glauca thallus cross section (10x).ome.tiff
Dataset:name:Riccia glauca	/uod/idr/filesets/idr0137-peters-bryophytes/20220405-Globus/Riccia glauca/IMG_2075-2134 Riccia glauca thallus cross section (10x).ome.tiff
Dataset:name:Riccia glauca	/uod/idr/filesets/idr0137-peters-bryophytes/20220405-Globus/Riccia glauca/IMG_2255-2314 Riccia glauca thallus cross section (10x).ome.tiff
Dataset:name:Riccia glauca	/uod/idr/filesets/idr0137-peters-bryophytes/20220405-Globus/Riccia glauca/IMG_2015-2074 Riccia glauca thallus cross section (10x).ome.tiff
Dataset:name:Riccia glauca	/uod/idr/filesets/idr0137-peters-bryophytes/20220405-Globus/Riccia glauca/IMG_2375-2434 Riccia glauca thallus cross section (10x).ome.tiff
Dataset:name:Riccia glauca	/uod/idr/filesets/idr0137-peters-bryophytes/20220405-Globus/Riccia glauca/IMG_2315-2374 Riccia glauca thallus cross section (10x).ome.tiff
Dataset:name:Riccia glauca	/uod/idr/filesets/idr0137-peters-bryophytes/20220405-Globus/Riccia glauca/IMG_0806-0855 Riccia glauca stature (Laowa 2.5x).ome.tiff
Dataset:name:Riccia glauca	/uod/idr/filesets/idr0137-peters-bryophytes/20220405-Globus/Riccia glauca/IMG_0856-0905 Riccia glauca stature (Laowa 2.5x).ome.tiff
Dataset:name:Riccia glauca	/uod/idr/filesets/idr0137-peters-bryophytes/20220405-Globus/Riccia glauca/IMG_0006-0055 Riccia glauca stature (Laowa 2.5x).ome.tiff
Dataset:name:Riccia glauca	/uod/idr/filesets/idr0137-peters-bryophytes/20220405-Globus/Riccia glauca/IMG_0056-0105 Riccia glauca stature (Laowa 2.5x).ome.tiff
Dataset:name:Riccia glauca	/uod/idr/filesets/idr0137-peters-bryophytes/20220405-Globus/Riccia glauca/IMG_0456-0505 Riccia glauca stature (Laowa 2.5x).ome.tiff
Dataset:name:Riccia glauca	/uod/idr/filesets/idr0137-peters-bryophytes/20220405-Globus/Riccia glauca/IMG_0506-0555 Riccia glauca stature (Laowa 2.5x).ome.tiff
Dataset:name:Riccia glauca	/uod/idr/filesets/idr0137-peters-bryophytes/20220405-Globus/Riccia glauca/IMG_0756-0805 Riccia glauca stature (Laowa 2.5x).ome.tiff
Dataset:name:Riccia glauca	/uod/idr/filesets/idr0137-peters-bryophytes/20220405-Globus/Riccia glauca/IMG_0406-0455 Riccia glauca stature (Laowa 2.5x).ome.tiff
Dataset:name:Riccia glauca	/uod/idr/filesets/idr0137-peters-bryophytes/20220405-Globus/Riccia glauca/IMG_0356-0405 Riccia glauca stature (Laowa 2.5x).ome.tiff
Dataset:name:Riccia glauca	/uod/idr/filesets/idr0137-peters-bryophytes/20220405-Globus/Riccia glauca/IMG_0256-0305 Riccia glauca stature (Laowa 2.5x).ome.tiff
Dataset:name:Riccia glauca	/uod/idr/filesets/idr0137-peters-bryophytes/20220405-Globus/Riccia glauca/IMG_0556-0605 Riccia glauca stature (Laowa 2.5x).ome.tiff
Dataset:name:Riccia glauca	/uod/idr/filesets/idr0137-peters-bryophytes/20220405-Globus/Riccia glauca/IMG_0306-0355 Riccia glauca stature (Laowa 2.5x).ome.tiff
Dataset:name:Riccia glauca	/uod/idr/filesets/idr0137-peters-bryophytes/20220405-Globus/Riccia glauca/IMG_0106-0155 Riccia glauca stature (Laowa 2.5x).ome.tiff
Dataset:name:Riccia glauca	/uod/idr/filesets/idr0137-peters-bryophytes/20220405-Globus/Riccia glauca/IMG_0156-0205 Riccia glauca stature (Laowa 2.5x).ome.tiff
Dataset:name:Riccia glauca	/uod/idr/filesets/idr0137-peters-bryophytes/20220405-Globus/Riccia glauca/IMG_0706-0755 Riccia glauca stature (Laowa 2.5x).ome.tiff
Dataset:name:Riccia glauca	/uod/idr/filesets/idr0137-peters-bryophytes/20220405-Globus/Riccia glauca/IMG_0906-0953 Riccia glauca stature (Laowa 2.5x).ome.tiff
Dataset:name:Riccia glauca	/uod/idr/filesets/idr0137-peters-bryophytes/20220405-Globus/Riccia glauca/IMG_0206-0255 Riccia glauca stature (Laowa 2.5x).ome.tiff
Dataset:name:Riccia glauca	/uod/idr/filesets/idr0137-peters-bryophytes/20220405-Globus/Riccia glauca/IMG_0606-0655 Riccia glauca stature (Laowa 2.5x).ome.tiff
Dataset:name:Riccia glauca	/uod/idr/filesets/idr0137-peters-bryophytes/20220405-Globus/Riccia glauca/IMG_0656-0705 Riccia glauca stature (Laowa 2.5x).ome.tiff
Dataset:name:Riccia glauca	/uod/idr/filesets/idr0137-peters-bryophytes/20220405-Globus/Riccia glauca/IMG_1194-1233 Riccia glauca stature ventral side (Laowa 5.0x).ome.tiff
Dataset:name:Riccia glauca	/uod/idr/filesets/idr0137-peters-bryophytes/20220405-Globus/Riccia glauca/IMG_1034-1073 Riccia glauca stature ventral side (Laowa 5.0x).ome.tiff
Dataset:name:Riccia glauca	/uod/idr/filesets/idr0137-peters-bryophytes/20220405-Globus/Riccia glauca/IMG_1114-1153 Riccia glauca stature ventral side (Laowa 5.0x).ome.tiff
Dataset:name:Riccia glauca	/uod/idr/filesets/idr0137-peters-bryophytes/20220405-Globus/Riccia glauca/IMG_0954-0993 Riccia glauca stature ventral side (Laowa 5.0x).ome.tiff
Dataset:name:Riccia glauca	/uod/idr/filesets/idr0137-peters-bryophytes/20220405-Globus/Riccia glauca/IMG_1274-1313 Riccia glauca stature dorsal side (Laowa 5.0x).ome.tiff
Dataset:name:Riccia glauca	/uod/idr/filesets/idr0137-peters-bryophytes/20220405-Globus/Riccia glauca/IMG_0994-1033 Riccia glauca stature ventral side (Laowa 5.0x).ome.tiff
Dataset:name:Riccia glauca	/uod/idr/filesets/idr0137-peters-bryophytes/20220405-Globus/Riccia glauca/IMG_1474-1513 Riccia glauca stature dorsal side (Laowa 5.0x).ome.tiff
Dataset:name:Riccia glauca	/uod/idr/filesets/idr0137-peters-bryophytes/20220405-Globus/Riccia glauca/IMG_1354-1393 Riccia glauca stature dorsal side (Laowa 5.0x).ome.tiff
Dataset:name:Riccia glauca	/uod/idr/filesets/idr0137-peters-bryophytes/20220405-Globus/Riccia glauca/IMG_1074-1113 Riccia glauca stature ventral side (Laowa 5.0x).ome.tiff
Dataset:name:Riccia glauca	/uod/idr/filesets/idr0137-peters-bryophytes/20220405-Globus/Riccia glauca/IMG_1314-1353 Riccia glauca stature dorsal side (Laowa 5.0x).ome.tiff
Dataset:name:Riccia glauca	/uod/idr/filesets/idr0137-peters-bryophytes/20220405-Globus/Riccia glauca/IMG_1234-1273 Riccia glauca stature ventral side (Laowa 5.0x).ome.tiff
Dataset:name:Riccia glauca	/uod/idr/filesets/idr0137-peters-bryophytes/20220405-Globus/Riccia glauca/IMG_1394-1433 Riccia glauca stature dorsal side (Laowa 5.0x).ome.tiff
Dataset:name:Riccia glauca	/uod/idr/filesets/idr0137-peters-bryophytes/20220405-Globus/Riccia glauca/IMG_1434-1473 Riccia glauca stature dorsal side (Laowa 5.0x).ome.tiff
Dataset:name:Riccia glauca	/uod/idr/filesets/idr0137-peters-bryophytes/20220405-Globus/Riccia glauca/IMG_1154-1193 Riccia glauca stature ventral side (Laowa 5.0x).ome.tiff
Dataset:name:Riccia glauca	/uod/idr/filesets/idr0137-peters-bryophytes/20220405-Globus/Riccia glauca/IMG_0002 Riccia glauca voucher specimen.ome.tiff
Dataset:name:Riccia glauca Processed	/uod/idr/filesets/idr0137-peters-bryophytes/20220405-Globus/Riccia glauca Processed/riccia_glauca_spores.ome.tiff
Dataset:name:Riccia glauca Processed	/uod/idr/filesets/idr0137-peters-bryophytes/20220405-Globus/Riccia glauca Processed/riccia_glauca_voucher_specimen.ome.tiff
Dataset:name:Riccia glauca Processed	/uod/idr/filesets/idr0137-peters-bryophytes/20220405-Globus/Riccia glauca Processed/riccia_glauca_thallus_cross_section.ome.tiff
Dataset:name:Riccia glauca Processed	/uod/idr/filesets/idr0137-peters-bryophytes/20220405-Globus/Riccia glauca Processed/riccia_glauca_stature_ventral_side.ome.tiff
Dataset:name:Riccia glauca Processed	/uod/idr/filesets/idr0137-peters-bryophytes/20220405-Globus/Riccia glauca Processed/riccia_glauca_stature_dorsal_side.ome.tiff
Dataset:name:Riccia glauca Processed	/uod/idr/filesets/idr0137-peters-bryophytes/20220405-Globus/Riccia glauca Processed/riccia_glauca_stature.ome.tiff
Dataset:name:Riccia glauca Processed	/uod/idr/filesets/idr0137-peters-bryophytes/20220405-Globus/Riccia glauca Processed/riccia_glauca_thallus_epidermis_cross_section2.ome.tiff
Dataset:name:Riccia glauca Processed	/uod/idr/filesets/idr0137-peters-bryophytes/20220405-Globus/Riccia glauca Processed/riccia_glauca_thallus_epidermis_cross_section1.ome.tiff
Dataset:name:Riccia glauca Processed	/uod/idr/filesets/idr0137-peters-bryophytes/20220405-Globus/Riccia glauca Processed/riccia_glauca_thallus_archegonium_cross_section.ome.tiff
Dataset:name:Riccia sorocarpa	/uod/idr/filesets/idr0137-peters-bryophytes/20220405-Globus/Riccia sorocarpa/IMG_2612-2711 Riccia sorocarpa thallus with subepidermal cells with thickened cell walls cross section (40x).ome.tiff
Dataset:name:Riccia sorocarpa	/uod/idr/filesets/idr0137-peters-bryophytes/20220405-Globus/Riccia sorocarpa/IMG_2512-2611 Riccia sorocarpa thallus with subepidermal cells with thickened cell walls cross section (40x DIC).ome.tiff
Dataset:name:Riccia sorocarpa	/uod/idr/filesets/idr0137-peters-bryophytes/20220405-Globus/Riccia sorocarpa/IMG_2412-2511 Riccia sorocarpa thallus with subepidermal cells with thickened cell walls cross section (40x).ome.tiff
Dataset:name:Riccia sorocarpa	/uod/idr/filesets/idr0137-peters-bryophytes/20220405-Globus/Riccia sorocarpa/IMG_5106-5205 Riccia sorocarpa thallus with archegonium cross section (40x).ome.tiff
Dataset:name:Riccia sorocarpa	/uod/idr/filesets/idr0137-peters-bryophytes/20220405-Globus/Riccia sorocarpa/IMG_2912-3011 Riccia sorocarpa thallus with epidermis anterior view (40x).ome.tiff
Dataset:name:Riccia sorocarpa	/uod/idr/filesets/idr0137-peters-bryophytes/20220405-Globus/Riccia sorocarpa/IMG_3012-3111 Riccia sorocarpa thallus with epidermis anterior view (40x DIC).ome.tiff
Dataset:name:Riccia sorocarpa	/uod/idr/filesets/idr0137-peters-bryophytes/20220405-Globus/Riccia sorocarpa/IMG_5006-5105 Riccia sorocarpa thallus with archegonium cross section (20x).ome.tiff
Dataset:name:Riccia sorocarpa	/uod/idr/filesets/idr0137-peters-bryophytes/20220405-Globus/Riccia sorocarpa/IMG_0106-0205 Riccia sorocarpa spores (40x).ome.tiff
Dataset:name:Riccia sorocarpa	/uod/idr/filesets/idr0137-peters-bryophytes/20220405-Globus/Riccia sorocarpa/IMG_4506-4605 Riccia sorocarpa spores (40x).ome.tiff
Dataset:name:Riccia sorocarpa	/uod/idr/filesets/idr0137-peters-bryophytes/20220405-Globus/Riccia sorocarpa/IMG_1658-1757 Riccia sorocarpa spores (40x).ome.tiff
Dataset:name:Riccia sorocarpa	/uod/idr/filesets/idr0137-peters-bryophytes/20220405-Globus/Riccia sorocarpa/IMG_1558-1657 Riccia sorocarpa spores (40x).ome.tiff
Dataset:name:Riccia sorocarpa	/uod/idr/filesets/idr0137-peters-bryophytes/20220405-Globus/Riccia sorocarpa/IMG_2712-2811 Riccia sorocarpa thallus with epidermis anterior view (40x).ome.tiff
Dataset:name:Riccia sorocarpa	/uod/idr/filesets/idr0137-peters-bryophytes/20220405-Globus/Riccia sorocarpa/IMG_2812-2911 Riccia sorocarpa thallus with epidermis anterior view (40x DIC).ome.tiff
Dataset:name:Riccia sorocarpa	/uod/idr/filesets/idr0137-peters-bryophytes/20220405-Globus/Riccia sorocarpa/IMG_1458-1557 Riccia sorocarpa spores (40x).ome.tiff
Dataset:name:Riccia sorocarpa	/uod/idr/filesets/idr0137-peters-bryophytes/20220405-Globus/Riccia sorocarpa/IMG_1758-1857 Riccia sorocarpa spores (40x).ome.tiff
Dataset:name:Riccia sorocarpa	/uod/idr/filesets/idr0137-peters-bryophytes/20220405-Globus/Riccia sorocarpa/IMG_0006-0105 Riccia sorocarpa spores (40x).ome.tiff
Dataset:name:Riccia sorocarpa	/uod/idr/filesets/idr0137-peters-bryophytes/20220405-Globus/Riccia sorocarpa/IMG_4306-4405 Riccia sorocarpa spores (40x).ome.tiff
Dataset:name:Riccia sorocarpa	/uod/idr/filesets/idr0137-peters-bryophytes/20220405-Globus/Riccia sorocarpa/IMG_4406-4505 Riccia sorocarpa spores (40x).ome.tiff
Dataset:name:Riccia sorocarpa	/uod/idr/filesets/idr0137-peters-bryophytes/20220405-Globus/Riccia sorocarpa/IMG_4106-4155 Riccia sorocarpa stature (Laowa 5.0x).ome.tiff
Dataset:name:Riccia sorocarpa	/uod/idr/filesets/idr0137-peters-bryophytes/20220405-Globus/Riccia sorocarpa/IMG_0206-0255 Riccia sorocarpa stature (Laowa 5.0x).ome.tiff
Dataset:name:Riccia sorocarpa	/uod/idr/filesets/idr0137-peters-bryophytes/20220405-Globus/Riccia sorocarpa/IMG_4056-4105 Riccia sorocarpa stature (Laowa 5.0x).ome.tiff
Dataset:name:Riccia sorocarpa	/uod/idr/filesets/idr0137-peters-bryophytes/20220405-Globus/Riccia sorocarpa/IMG_0906-0955 Riccia sorocarpa stature (Laowa 5.0x).ome.tiff
Dataset:name:Riccia sorocarpa	/uod/idr/filesets/idr0137-peters-bryophytes/20220405-Globus/Riccia sorocarpa/IMG_0256-0305 Riccia sorocarpa stature (Laowa 5.0x).ome.tiff
Dataset:name:Riccia sorocarpa	/uod/idr/filesets/idr0137-peters-bryophytes/20220405-Globus/Riccia sorocarpa/IMG_4156-4205 Riccia sorocarpa stature (Laowa 5.0x).ome.tiff
Dataset:name:Riccia sorocarpa	/uod/idr/filesets/idr0137-peters-bryophytes/20220405-Globus/Riccia sorocarpa/IMG_0656-0705 Riccia sorocarpa stature (Laowa 5.0x).ome.tiff
Dataset:name:Riccia sorocarpa	/uod/idr/filesets/idr0137-peters-bryophytes/20220405-Globus/Riccia sorocarpa/IMG_0306-0355 Riccia sorocarpa stature (Laowa 5.0x).ome.tiff
Dataset:name:Riccia sorocarpa	/uod/idr/filesets/idr0137-peters-bryophytes/20220405-Globus/Riccia sorocarpa/IMG_0406-0455 Riccia sorocarpa stature (Laowa 5.0x).ome.tiff
Dataset:name:Riccia sorocarpa	/uod/idr/filesets/idr0137-peters-bryophytes/20220405-Globus/Riccia sorocarpa/IMG_0856-0905 Riccia sorocarpa stature (Laowa 5.0x).ome.tiff
Dataset:name:Riccia sorocarpa	/uod/idr/filesets/idr0137-peters-bryophytes/20220405-Globus/Riccia sorocarpa/IMG_0356-0405 Riccia sorocarpa stature (Laowa 5.0x).ome.tiff
Dataset:name:Riccia sorocarpa	/uod/idr/filesets/idr0137-peters-bryophytes/20220405-Globus/Riccia sorocarpa/IMG_4006-4055 Riccia sorocarpa stature (Laowa 5.0x).ome.tiff
Dataset:name:Riccia sorocarpa	/uod/idr/filesets/idr0137-peters-bryophytes/20220405-Globus/Riccia sorocarpa/IMG_0706-0755 Riccia sorocarpa stature (Laowa 5.0x).ome.tiff
Dataset:name:Riccia sorocarpa	/uod/idr/filesets/idr0137-peters-bryophytes/20220405-Globus/Riccia sorocarpa/IMG_0556-0605 Riccia sorocarpa stature (Laowa 5.0x).ome.tiff
Dataset:name:Riccia sorocarpa	/uod/idr/filesets/idr0137-peters-bryophytes/20220405-Globus/Riccia sorocarpa/IMG_0456-0505 Riccia sorocarpa stature (Laowa 5.0x).ome.tiff
Dataset:name:Riccia sorocarpa	/uod/idr/filesets/idr0137-peters-bryophytes/20220405-Globus/Riccia sorocarpa/IMG_4606-4655 Riccia sorocarpa thallus cross section (10x).ome.tiff
Dataset:name:Riccia sorocarpa	/uod/idr/filesets/idr0137-peters-bryophytes/20220405-Globus/Riccia sorocarpa/IMG_0806-0855 Riccia sorocarpa stature (Laowa 5.0x).ome.tiff
Dataset:name:Riccia sorocarpa	/uod/idr/filesets/idr0137-peters-bryophytes/20220405-Globus/Riccia sorocarpa/IMG_4656-4705 Riccia sorocarpa thallus cross section (10x).ome.tiff
Dataset:name:Riccia sorocarpa	/uod/idr/filesets/idr0137-peters-bryophytes/20220405-Globus/Riccia sorocarpa/IMG_0606-0655 Riccia sorocarpa stature (Laowa 5.0x).ome.tiff
Dataset:name:Riccia sorocarpa	/uod/idr/filesets/idr0137-peters-bryophytes/20220405-Globus/Riccia sorocarpa/IMG_2362-2411 Riccia sorocarpa thallus with subepidermal cells with thickened cell walls cross section (40x).ome.tiff
Dataset:name:Riccia sorocarpa	/uod/idr/filesets/idr0137-peters-bryophytes/20220405-Globus/Riccia sorocarpa/IMG_0506-0555 Riccia sorocarpa stature (Laowa 5.0x).ome.tiff
Dataset:name:Riccia sorocarpa	/uod/idr/filesets/idr0137-peters-bryophytes/20220405-Globus/Riccia sorocarpa/IMG_4756-4805 Riccia sorocarpa thallus cross section (10x).ome.tiff
Dataset:name:Riccia sorocarpa	/uod/idr/filesets/idr0137-peters-bryophytes/20220405-Globus/Riccia sorocarpa/IMG_0756-0805 Riccia sorocarpa stature (Laowa 5.0x).ome.tiff
Dataset:name:Riccia sorocarpa	/uod/idr/filesets/idr0137-peters-bryophytes/20220405-Globus/Riccia sorocarpa/IMG_4806-4855 Riccia sorocarpa thallus cross section (10x).ome.tiff
Dataset:name:Riccia sorocarpa	/uod/idr/filesets/idr0137-peters-bryophytes/20220405-Globus/Riccia sorocarpa/IMG_4206-4255 Riccia sorocarpa stature ventral side (Laowa 5.0x).ome.tiff
Dataset:name:Riccia sorocarpa	/uod/idr/filesets/idr0137-peters-bryophytes/20220405-Globus/Riccia sorocarpa/IMG_2212-2261 Riccia sorocarpa thallus cross section (10x).ome.tiff
Dataset:name:Riccia sorocarpa	/uod/idr/filesets/idr0137-peters-bryophytes/20220405-Globus/Riccia sorocarpa/IMG_4706-4755 Riccia sorocarpa thallus cross section (10x).ome.tiff
Dataset:name:Riccia sorocarpa	/uod/idr/filesets/idr0137-peters-bryophytes/20220405-Globus/Riccia sorocarpa/IMG_4256-4305 Riccia sorocarpa stature dorsal side (Laowa 5.0x).ome.tiff
Dataset:name:Riccia sorocarpa	/uod/idr/filesets/idr0137-peters-bryophytes/20220405-Globus/Riccia sorocarpa/IMG_2009-2058 Riccia sorocarpa thallus cross section (10x).ome.tiff
Dataset:name:Riccia sorocarpa	/uod/idr/filesets/idr0137-peters-bryophytes/20220405-Globus/Riccia sorocarpa/IMG_2162-2211 Riccia sorocarpa thallus cross section (10x).ome.tiff
Dataset:name:Riccia sorocarpa	/uod/idr/filesets/idr0137-peters-bryophytes/20220405-Globus/Riccia sorocarpa/IMG_4856-4905 Riccia sorocarpa thallus cross section (10x).ome.tiff
Dataset:name:Riccia sorocarpa	/uod/idr/filesets/idr0137-peters-bryophytes/20220405-Globus/Riccia sorocarpa/IMG_1959-2008 Riccia sorocarpa thallus cross section (10x).ome.tiff
Dataset:name:Riccia sorocarpa	/uod/idr/filesets/idr0137-peters-bryophytes/20220405-Globus/Riccia sorocarpa/IMG_1909-1958 Riccia sorocarpa thallus cross section (10x).ome.tiff
Dataset:name:Riccia sorocarpa	/uod/idr/filesets/idr0137-peters-bryophytes/20220405-Globus/Riccia sorocarpa/IMG_4906-4955 Riccia sorocarpa thallus cross section (10x).ome.tiff
Dataset:name:Riccia sorocarpa	/uod/idr/filesets/idr0137-peters-bryophytes/20220405-Globus/Riccia sorocarpa/IMG_2112-2161 Riccia sorocarpa thallus cross section (10x).ome.tiff
Dataset:name:Riccia sorocarpa	/uod/idr/filesets/idr0137-peters-bryophytes/20220405-Globus/Riccia sorocarpa/IMG_2262-2311 Riccia sorocarpa thallus cross section (10x).ome.tiff
Dataset:name:Riccia sorocarpa	/uod/idr/filesets/idr0137-peters-bryophytes/20220405-Globus/Riccia sorocarpa/IMG_4956-5005 Riccia sorocarpa thallus cross section (10x).ome.tiff
Dataset:name:Riccia sorocarpa	/uod/idr/filesets/idr0137-peters-bryophytes/20220405-Globus/Riccia sorocarpa/IMG_2312-2361 Riccia sorocarpa thallus cross section (10x).ome.tiff
Dataset:name:Riccia sorocarpa	/uod/idr/filesets/idr0137-peters-bryophytes/20220405-Globus/Riccia sorocarpa/IMG_3112-3161 Riccia sorocarpa thallus cross section (10x).ome.tiff
Dataset:name:Riccia sorocarpa	/uod/idr/filesets/idr0137-peters-bryophytes/20220405-Globus/Riccia sorocarpa/IMG_1858-1907 Riccia sorocarpa thallus cross section (10x).ome.tiff
Dataset:name:Riccia sorocarpa	/uod/idr/filesets/idr0137-peters-bryophytes/20220405-Globus/Riccia sorocarpa/IMG_2059-2108 Riccia sorocarpa thallus cross section (10x).ome.tiff
Dataset:name:Riccia sorocarpa	/uod/idr/filesets/idr0137-peters-bryophytes/20220405-Globus/Riccia sorocarpa/IMG_3162-3211 Riccia sorocarpa thallus cross section (10x).ome.tiff
Dataset:name:Riccia sorocarpa	/uod/idr/filesets/idr0137-peters-bryophytes/20220405-Globus/Riccia sorocarpa/IMG_1106-1155 Riccia sorocarpa stature ventral side (Laowa 5.0x).ome.tiff
Dataset:name:Riccia sorocarpa	/uod/idr/filesets/idr0137-peters-bryophytes/20220405-Globus/Riccia sorocarpa/IMG_1156-1205 Riccia sorocarpa stature ventral side (Laowa 5.0x).ome.tiff
Dataset:name:Riccia sorocarpa	/uod/idr/filesets/idr0137-peters-bryophytes/20220405-Globus/Riccia sorocarpa/IMG_1006-1055 Riccia sorocarpa stature ventral side (Laowa 5.0x).ome.tiff
Dataset:name:Riccia sorocarpa	/uod/idr/filesets/idr0137-peters-bryophytes/20220405-Globus/Riccia sorocarpa/IMG_1206-1255 Riccia sorocarpa stature ventral side (Laowa 5.0x).ome.tiff
Dataset:name:Riccia sorocarpa	/uod/idr/filesets/idr0137-peters-bryophytes/20220405-Globus/Riccia sorocarpa/IMG_0956-1005 Riccia sorocarpa stature ventral side (Laowa 5.0x).ome.tiff
Dataset:name:Riccia sorocarpa	/uod/idr/filesets/idr0137-peters-bryophytes/20220405-Globus/Riccia sorocarpa/IMG_1056-1105 Riccia sorocarpa stature ventral side (Laowa 5.0x).ome.tiff
Dataset:name:Riccia sorocarpa	/uod/idr/filesets/idr0137-peters-bryophytes/20220405-Globus/Riccia sorocarpa/IMG_1296-1335 Riccia sorocarpa stature dorsal side (Laowa 5.0x).ome.tiff
Dataset:name:Riccia sorocarpa	/uod/idr/filesets/idr0137-peters-bryophytes/20220405-Globus/Riccia sorocarpa/IMG_1376-1415 Riccia sorocarpa stature dorsal side (Laowa 5.0x).ome.tiff
Dataset:name:Riccia sorocarpa	/uod/idr/filesets/idr0137-peters-bryophytes/20220405-Globus/Riccia sorocarpa/IMG_1416-1455 Riccia sorocarpa stature dorsal side (Laowa 5.0x).ome.tiff
Dataset:name:Riccia sorocarpa	/uod/idr/filesets/idr0137-peters-bryophytes/20220405-Globus/Riccia sorocarpa/IMG_1256-1295 Riccia sorocarpa stature dorsal side (Laowa 5.0x).ome.tiff
Dataset:name:Riccia sorocarpa	/uod/idr/filesets/idr0137-peters-bryophytes/20220405-Globus/Riccia sorocarpa/IMG_1336-1375 Riccia sorocarpa stature dorsal side (Laowa 5.0x).ome.tiff
Dataset:name:Riccia sorocarpa	/uod/idr/filesets/idr0137-peters-bryophytes/20220405-Globus/Riccia sorocarpa/IMG_0002 Riccia sorocarpa voucher specimen.ome.tiff
Dataset:name:Riccia sorocarpa	/uod/idr/filesets/idr0137-peters-bryophytes/20220405-Globus/Riccia sorocarpa/IMG_4002 Riccia sorocarpa voucher specimen.ome.tiff
Dataset:name:Riccia sorocarpa Processed	/uod/idr/filesets/idr0137-peters-bryophytes/20220405-Globus/Riccia sorocarpa Processed/riccia_sorocarpa_stature.ome.tiff
Dataset:name:Riccia sorocarpa Processed	/uod/idr/filesets/idr0137-peters-bryophytes/20220405-Globus/Riccia sorocarpa Processed/riccia_sorocarpa.ome.tiff
Dataset:name:Riccia sorocarpa Processed	/uod/idr/filesets/idr0137-peters-bryophytes/20220405-Globus/Riccia sorocarpa Processed/riccia_sorocarpa_thallus_cross_section.ome.tiff
Dataset:name:Riccia sorocarpa Processed	/uod/idr/filesets/idr0137-peters-bryophytes/20220405-Globus/Riccia sorocarpa Processed/riccia_sorocarpa_thallus_epidermis_anterior_view.ome.tiff
Dataset:name:Riccia sorocarpa Processed	/uod/idr/filesets/idr0137-peters-bryophytes/20220405-Globus/Riccia sorocarpa Processed/riccia_sorocarpa_stature_ventral_side.ome.tiff
Dataset:name:Riccia sorocarpa Processed	/uod/idr/filesets/idr0137-peters-bryophytes/20220405-Globus/Riccia sorocarpa Processed/riccia_sorocarpa_thallus_epidermis_cross_section.ome.tiff
Dataset:name:Riccia sorocarpa Processed	/uod/idr/filesets/idr0137-peters-bryophytes/20220405-Globus/Riccia sorocarpa Processed/riccia_sorocarpa_thallus_archegonium_cross_section.ome.tiff
Dataset:name:Riccia sorocarpa Processed	/uod/idr/filesets/idr0137-peters-bryophytes/20220405-Globus/Riccia sorocarpa Processed/riccia_sorocarpa_stature_dorsal_side.ome.tiff
Dataset:name:Riccia sorocarpa Processed	/uod/idr/filesets/idr0137-peters-bryophytes/20220405-Globus/Riccia sorocarpa Processed/riccia_sorocarpa_spores.ome.tiff
Dataset:name:Riccia sorocarpa Processed	/uod/idr/filesets/idr0137-peters-bryophytes/20220405-Globus/Riccia sorocarpa Processed/riccia_sorocarpa_voucher_specimen1.ome.tiff
Dataset:name:Riccia sorocarpa Processed	/uod/idr/filesets/idr0137-peters-bryophytes/20220405-Globus/Riccia sorocarpa Processed/riccia_sorocarpa_voucher_specimen2.ome.tiff
Dataset:name:Riccia warnstorfii	/uod/idr/filesets/idr0137-peters-bryophytes/20220405-Globus/Riccia warnstorfii/IMG_1823-1952 Riccia warnstorfii spores (40x).ome.tiff
Dataset:name:Riccia warnstorfii	/uod/idr/filesets/idr0137-peters-bryophytes/20220405-Globus/Riccia warnstorfii/IMG_1273-1397 Riccia warnstorfii spores (40x).ome.tiff
Dataset:name:Riccia warnstorfii	/uod/idr/filesets/idr0137-peters-bryophytes/20220405-Globus/Riccia warnstorfii/IMG_1623-1722 Riccia warnstorfii thallus with epidermis cross section (40x).ome.tiff
Dataset:name:Riccia warnstorfii	/uod/idr/filesets/idr0137-peters-bryophytes/20220405-Globus/Riccia warnstorfii/IMG_1723-1822 Riccia warnstorfii thallus with epidermis cross section (40x DIC).ome.tiff
Dataset:name:Riccia warnstorfii	/uod/idr/filesets/idr0137-peters-bryophytes/20220405-Globus/Riccia warnstorfii/IMG_1173-1272 Riccia warnstorfii spores (40x).ome.tiff
Dataset:name:Riccia warnstorfii	/uod/idr/filesets/idr0137-peters-bryophytes/20220405-Globus/Riccia warnstorfii/IMG_1398-1522 Riccia warnstorfii spores (40x).ome.tiff
Dataset:name:Riccia warnstorfii	/uod/idr/filesets/idr0137-peters-bryophytes/20220405-Globus/Riccia warnstorfii/IMG_0056-0105 Riccia warnstorfii stature (Laowa 5.0x).ome.tiff
Dataset:name:Riccia warnstorfii	/uod/idr/filesets/idr0137-peters-bryophytes/20220405-Globus/Riccia warnstorfii/IMG_0006-0055 Riccia warnstorfii stature (Laowa 5.0x).ome.tiff
Dataset:name:Riccia warnstorfii	/uod/idr/filesets/idr0137-peters-bryophytes/20220405-Globus/Riccia warnstorfii/IMG_0156-0205 Riccia warnstorfii stature (Laowa 5.0x).ome.tiff
Dataset:name:Riccia warnstorfii	/uod/idr/filesets/idr0137-peters-bryophytes/20220405-Globus/Riccia warnstorfii/IMG_0106-0155 Riccia warnstorfii stature (Laowa 5.0x).ome.tiff
Dataset:name:Riccia warnstorfii	/uod/idr/filesets/idr0137-peters-bryophytes/20220405-Globus/Riccia warnstorfii/IMG_0356-0405 Riccia warnstorfii stature (Laowa 5.0x).ome.tiff
Dataset:name:Riccia warnstorfii	/uod/idr/filesets/idr0137-peters-bryophytes/20220405-Globus/Riccia warnstorfii/IMG_0306-0355 Riccia warnstorfii stature (Laowa 5.0x).ome.tiff
Dataset:name:Riccia warnstorfii	/uod/idr/filesets/idr0137-peters-bryophytes/20220405-Globus/Riccia warnstorfii/IMG_0606-0655 Riccia warnstorfii stature (Laowa 5.0x).ome.tiff
Dataset:name:Riccia warnstorfii	/uod/idr/filesets/idr0137-peters-bryophytes/20220405-Globus/Riccia warnstorfii/IMG_0556-0605 Riccia warnstorfii stature (Laowa 5.0x).ome.tiff
Dataset:name:Riccia warnstorfii	/uod/idr/filesets/idr0137-peters-bryophytes/20220405-Globus/Riccia warnstorfii/IMG_0406-0455 Riccia warnstorfii stature (Laowa 5.0x).ome.tiff
Dataset:name:Riccia warnstorfii	/uod/idr/filesets/idr0137-peters-bryophytes/20220405-Globus/Riccia warnstorfii/IMG_0256-0305 Riccia warnstorfii stature (Laowa 5.0x).ome.tiff
Dataset:name:Riccia warnstorfii	/uod/idr/filesets/idr0137-peters-bryophytes/20220405-Globus/Riccia warnstorfii/IMG_0506-0555 Riccia warnstorfii stature (Laowa 5.0x).ome.tiff
Dataset:name:Riccia warnstorfii	/uod/idr/filesets/idr0137-peters-bryophytes/20220405-Globus/Riccia warnstorfii/IMG_0206-0255 Riccia warnstorfii stature (Laowa 5.0x).ome.tiff
Dataset:name:Riccia warnstorfii	/uod/idr/filesets/idr0137-peters-bryophytes/20220405-Globus/Riccia warnstorfii/IMG_0456-0505 Riccia warnstorfii stature (Laowa 5.0x).ome.tiff
Dataset:name:Riccia warnstorfii	/uod/idr/filesets/idr0137-peters-bryophytes/20220405-Globus/Riccia warnstorfii/IMG_0823-0872 Riccia warnstorfii thallus cross section (10x).ome.tiff
Dataset:name:Riccia warnstorfii	/uod/idr/filesets/idr0137-peters-bryophytes/20220405-Globus/Riccia warnstorfii/IMG_0873-0922 Riccia warnstorfii thallus cross section (10x).ome.tiff
Dataset:name:Riccia warnstorfii	/uod/idr/filesets/idr0137-peters-bryophytes/20220405-Globus/Riccia warnstorfii/IMG_0923-0972 Riccia warnstorfii thallus cross section (10x).ome.tiff
Dataset:name:Riccia warnstorfii	/uod/idr/filesets/idr0137-peters-bryophytes/20220405-Globus/Riccia warnstorfii/IMG_1023-1072 Riccia warnstorfii thallus cross section (10x).ome.tiff
Dataset:name:Riccia warnstorfii	/uod/idr/filesets/idr0137-peters-bryophytes/20220405-Globus/Riccia warnstorfii/IMG_1123-1172 Riccia warnstorfii thallus cross section (10x).ome.tiff
Dataset:name:Riccia warnstorfii	/uod/idr/filesets/idr0137-peters-bryophytes/20220405-Globus/Riccia warnstorfii/IMG_1073-1122 Riccia warnstorfii thallus cross section (10x).ome.tiff
Dataset:name:Riccia warnstorfii	/uod/idr/filesets/idr0137-peters-bryophytes/20220405-Globus/Riccia warnstorfii/IMG_0973-1022 Riccia warnstorfii thallus cross section (10x).ome.tiff
Dataset:name:Riccia warnstorfii	/uod/idr/filesets/idr0137-peters-bryophytes/20220405-Globus/Riccia warnstorfii/IMG_1573-1622 Riccia warnstorfii thallus cross section (10x).ome.tiff
Dataset:name:Riccia warnstorfii	/uod/idr/filesets/idr0137-peters-bryophytes/20220405-Globus/Riccia warnstorfii/IMG_1523-1572 Riccia warnstorfii thallus cross section (10x).ome.tiff
Dataset:name:Riccia warnstorfii	/uod/idr/filesets/idr0137-peters-bryophytes/20220405-Globus/Riccia warnstorfii/IMG_0658-0702 Riccia warnstorfii stature dorsal side (Laowa 5.0x).ome.tiff
Dataset:name:Riccia warnstorfii	/uod/idr/filesets/idr0137-peters-bryophytes/20220405-Globus/Riccia warnstorfii/IMG_0743-0782 Riccia warnstorfii stature ventral side (Laowa 5.0x).ome.tiff
Dataset:name:Riccia warnstorfii	/uod/idr/filesets/idr0137-peters-bryophytes/20220405-Globus/Riccia warnstorfii/IMG_0783-0822 Riccia warnstorfii stature ventral side (Laowa 5.0x).ome.tiff
Dataset:name:Riccia warnstorfii	/uod/idr/filesets/idr0137-peters-bryophytes/20220405-Globus/Riccia warnstorfii/IMG_0703-0742 Riccia warnstorfii stature dorsal side (Laowa 5.0x).ome.tiff
Dataset:name:Riccia warnstorfii	/uod/idr/filesets/idr0137-peters-bryophytes/20220405-Globus/Riccia warnstorfii/IMG_0002 Riccia warnstorfii voucher specimen.ome.tiff
Dataset:name:Riccia warnstorfii Processed	/uod/idr/filesets/idr0137-peters-bryophytes/20220405-Globus/Riccia warnstorfii Processed/riccia_warnstorfii_stature.ome.tiff
Dataset:name:Riccia warnstorfii Processed	/uod/idr/filesets/idr0137-peters-bryophytes/20220405-Globus/Riccia warnstorfii Processed/riccia_warnstorfii_thallus_cross_section.ome.tiff
Dataset:name:Riccia warnstorfii Processed	/uod/idr/filesets/idr0137-peters-bryophytes/20220405-Globus/Riccia warnstorfii Processed/riccia_warnstorfii_thallus_epidermis_cross_section.ome.tiff
Dataset:name:Riccia warnstorfii Processed	/uod/idr/filesets/idr0137-peters-bryophytes/20220405-Globus/Riccia warnstorfii Processed/riccia_warnstorfii_stature_dorsal_side.ome.tiff
Dataset:name:Riccia warnstorfii Processed	/uod/idr/filesets/idr0137-peters-bryophytes/20220405-Globus/Riccia warnstorfii Processed/riccia_warnstorfii_stature_ventral_side.ome.tiff
Dataset:name:Riccia warnstorfii Processed	/uod/idr/filesets/idr0137-peters-bryophytes/20220405-Globus/Riccia warnstorfii Processed/riccia_warnstorfii_spores.ome.tiff
Dataset:name:Riccia warnstorfii Processed	/uod/idr/filesets/idr0137-peters-bryophytes/20220405-Globus/Riccia warnstorfii Processed/riccia_warnstorfii_voucher_specimen.ome.tiff